user_id,user_first_name,user_last_name,user_type,user_gender,user_email,user_password,user_enabled,user_phone_number
100,Emma,Smith,EMPLOYEE,FEMALE,emma_smith@gmail.com,$2b$12$KCK1IdDSKTap8pJI1Qf2M.dzyHjE4wdV93Wa3QCa8hTgD9Hvt9Qe6,1,77083508084
101,Olivia,Johnson,EMPLOYEE,FEMALE,olivia_johnson@gmail.com,$2b$12$KCK1IdDSKTap8pJI1Qf2M.dzyHjE4wdV93Wa3QCa8hTgD9Hvt9Qe6,1,77087548342
102,Noah,Williams,EMPLOYEE,MALE,noah_williams@gmail.com,$2b$12$KCK1IdDSKTap8pJI1Qf2M.dzyHjE4wdV93Wa3QCa8hTgD9Hvt9Qe6,1,77754842448
103,Liam,Brown,EMPLOYEE,MALE,liam_brown@gmail.com,$2b$12$KCK1IdDSKTap8pJI1Qf2M.dzyHjE4wdV93Wa3QCa8hTgD9Hvt9Qe6,1,77081837051
104,Sophia,Jones,EMPLOYEE,FEMALE,sophia_jones@gmail.com,$2b$12$KCK1IdDSKTap8pJI1Qf2M.dzyHjE4wdV93Wa3QCa8hTgD9Hvt9Qe6,1,77086756305
105,Mason,Miller,EMPLOYEE,MALE,mason_miller@gmail.com,$2b$12$KCK1IdDSKTap8pJI1Qf2M.dzyHjE4wdV93Wa3QCa8hTgD9Hvt9Qe6,1,77003193637
106,Ava,Davis,EMPLOYEE,FEMALE,ava_davis@gmail.com,$2b$12$KCK1IdDSKTap8pJI1Qf2M.dzyHjE4wdV93Wa3QCa8hTgD9Hvt9Qe6,1,77085189812
107,Jacob,Garcia,EMPLOYEE,MALE,jacob_garcia@gmail.com,$2b$12$KCK1IdDSKTap8pJI1Qf2M.dzyHjE4wdV93Wa3QCa8hTgD9Hvt9Qe6,1,77017661186
108,William,Rodriguez,EMPLOYEE,MALE,william_rodriguez@gmail.com,$2b$12$KCK1IdDSKTap8pJI1Qf2M.dzyHjE4wdV93Wa3QCa8hTgD9Hvt9Qe6,1,77755396770
109,Isabella,Wilson,EMPLOYEE,FEMALE,isabella_wilson@gmail.com,$2b$12$KCK1IdDSKTap8pJI1Qf2M.dzyHjE4wdV93Wa3QCa8hTgD9Hvt9Qe6,1,77083448196
110,Ethan,Martinez,EMPLOYEE,MALE,ethan_martinez@gmail.com,$2b$12$KCK1IdDSKTap8pJI1Qf2M.dzyHjE4wdV93Wa3QCa8hTgD9Hvt9Qe6,1,77757700325
111,Mia,Anderson,EMPLOYEE,FEMALE,mia_anderson@gmail.com,$2b$12$KCK1IdDSKTap8pJI1Qf2M.dzyHjE4wdV93Wa3QCa8hTgD9Hvt9Qe6,1,77012223470
112,James,Taylor,EMPLOYEE,MALE,james_taylor@gmail.com,$2b$12$KCK1IdDSKTap8pJI1Qf2M.dzyHjE4wdV93Wa3QCa8hTgD9Hvt9Qe6,1,77012059979
113,Alexander,Thomas,EMPLOYEE,MALE,alexander_thomas@gmail.com,$2b$12$KCK1IdDSKTap8pJI1Qf2M.dzyHjE4wdV93Wa3QCa8hTgD9Hvt9Qe6,1,77002840097
114,Michael,Hernandez,EMPLOYEE,MALE,michael_hernandez@gmail.com,$2b$12$KCK1IdDSKTap8pJI1Qf2M.dzyHjE4wdV93Wa3QCa8hTgD9Hvt9Qe6,1,77085597584
115,Benjamin,Moore,EMPLOYEE,MALE,benjamin_moore@gmail.com,$2b$12$KCK1IdDSKTap8pJI1Qf2M.dzyHjE4wdV93Wa3QCa8hTgD9Hvt9Qe6,1,77008031448
116,Elijah,Martin,EMPLOYEE,MALE,elijah_martin@gmail.com,$2b$12$KCK1IdDSKTap8pJI1Qf2M.dzyHjE4wdV93Wa3QCa8hTgD9Hvt9Qe6,1,77085972071
117,Daniel,Jackson,EMPLOYEE,MALE,daniel_jackson@gmail.com,$2b$12$KCK1IdDSKTap8pJI1Qf2M.dzyHjE4wdV93Wa3QCa8hTgD9Hvt9Qe6,1,77085188922
118,Aiden,Thompson,EMPLOYEE,MALE,aiden_thompson@gmail.com,$2b$12$KCK1IdDSKTap8pJI1Qf2M.dzyHjE4wdV93Wa3QCa8hTgD9Hvt9Qe6,1,77753287127
119,Logan,White,EMPLOYEE,MALE,logan_white@gmail.com,$2b$12$KCK1IdDSKTap8pJI1Qf2M.dzyHjE4wdV93Wa3QCa8hTgD9Hvt9Qe6,1,77005245737
120,Matthew,Lopez,EMPLOYEE,MALE,matthew_lopez@gmail.com,$2b$12$KCK1IdDSKTap8pJI1Qf2M.dzyHjE4wdV93Wa3QCa8hTgD9Hvt9Qe6,1,77007271431
121,Abigail,Lee,EMPLOYEE,FEMALE,abigail_lee@gmail.com,$2b$12$KCK1IdDSKTap8pJI1Qf2M.dzyHjE4wdV93Wa3QCa8hTgD9Hvt9Qe6,1,77756120444
122,Lucas,Gonzalez,EMPLOYEE,MALE,lucas_gonzalez@gmail.com,$2b$12$KCK1IdDSKTap8pJI1Qf2M.dzyHjE4wdV93Wa3QCa8hTgD9Hvt9Qe6,1,77009681030
123,Jackson,Harris,EMPLOYEE,MALE,jackson_harris@gmail.com,$2b$12$KCK1IdDSKTap8pJI1Qf2M.dzyHjE4wdV93Wa3QCa8hTgD9Hvt9Qe6,1,77009282302
124,Emily,Clark,EMPLOYEE,FEMALE,emily_clark@gmail.com,$2b$12$KCK1IdDSKTap8pJI1Qf2M.dzyHjE4wdV93Wa3QCa8hTgD9Hvt9Qe6,1,77086548584
125,David,Lewis,EMPLOYEE,MALE,david_lewis@gmail.com,$2b$12$KCK1IdDSKTap8pJI1Qf2M.dzyHjE4wdV93Wa3QCa8hTgD9Hvt9Qe6,1,77088996973
126,Oliver,Robinson,EMPLOYEE,MALE,oliver_robinson@gmail.com,$2b$12$KCK1IdDSKTap8pJI1Qf2M.dzyHjE4wdV93Wa3QCa8hTgD9Hvt9Qe6,1,77753940382
127,Jayden,Walker,EMPLOYEE,MALE,jayden_walker@gmail.com,$2b$12$KCK1IdDSKTap8pJI1Qf2M.dzyHjE4wdV93Wa3QCa8hTgD9Hvt9Qe6,1,77011575634
128,Joseph,Perez,EMPLOYEE,MALE,joseph_perez@gmail.com,$2b$12$KCK1IdDSKTap8pJI1Qf2M.dzyHjE4wdV93Wa3QCa8hTgD9Hvt9Qe6,1,77085693452
129,Charlotte,Hall,EMPLOYEE,FEMALE,charlotte_hall@gmail.com,$2b$12$KCK1IdDSKTap8pJI1Qf2M.dzyHjE4wdV93Wa3QCa8hTgD9Hvt9Qe6,1,77002185351
130,Gabriel,Young,EMPLOYEE,MALE,gabriel_young@gmail.com,$2b$12$KCK1IdDSKTap8pJI1Qf2M.dzyHjE4wdV93Wa3QCa8hTgD9Hvt9Qe6,1,77002210615
131,Samuel,Allen,EMPLOYEE,MALE,samuel_allen@gmail.com,$2b$12$KCK1IdDSKTap8pJI1Qf2M.dzyHjE4wdV93Wa3QCa8hTgD9Hvt9Qe6,1,77011236514
132,Carter,Sanchez,EMPLOYEE,MALE,carter_sanchez@gmail.com,$2b$12$KCK1IdDSKTap8pJI1Qf2M.dzyHjE4wdV93Wa3QCa8hTgD9Hvt9Qe6,1,77757329143
133,Anthony,Wright,EMPLOYEE,MALE,anthony_wright@gmail.com,$2b$12$KCK1IdDSKTap8pJI1Qf2M.dzyHjE4wdV93Wa3QCa8hTgD9Hvt9Qe6,1,77008297893
134,John,King,EMPLOYEE,MALE,john_king@gmail.com,$2b$12$KCK1IdDSKTap8pJI1Qf2M.dzyHjE4wdV93Wa3QCa8hTgD9Hvt9Qe6,1,77011871089
135,Harper,Scott,EMPLOYEE,FEMALE,harper_scott@gmail.com,$2b$12$KCK1IdDSKTap8pJI1Qf2M.dzyHjE4wdV93Wa3QCa8hTgD9Hvt9Qe6,1,77087854961
136,Dylan,Green,EMPLOYEE,MALE,dylan_green@gmail.com,$2b$12$KCK1IdDSKTap8pJI1Qf2M.dzyHjE4wdV93Wa3QCa8hTgD9Hvt9Qe6,1,77006209122
137,Luke,Baker,EMPLOYEE,MALE,luke_baker@gmail.com,$2b$12$KCK1IdDSKTap8pJI1Qf2M.dzyHjE4wdV93Wa3QCa8hTgD9Hvt9Qe6,1,77083964153
138,Henry,Adams,EMPLOYEE,MALE,henry_adams@gmail.com,$2b$12$KCK1IdDSKTap8pJI1Qf2M.dzyHjE4wdV93Wa3QCa8hTgD9Hvt9Qe6,1,77017895451
139,Madison,Nelson,EMPLOYEE,FEMALE,madison_nelson@gmail.com,$2b$12$KCK1IdDSKTap8pJI1Qf2M.dzyHjE4wdV93Wa3QCa8hTgD9Hvt9Qe6,1,77001102693
140,Andrew,Hill,EMPLOYEE,MALE,andrew_hill@gmail.com,$2b$12$KCK1IdDSKTap8pJI1Qf2M.dzyHjE4wdV93Wa3QCa8hTgD9Hvt9Qe6,1,77011082820
141,Isaac,Ramirez,EMPLOYEE,MALE,isaac_ramirez@gmail.com,$2b$12$KCK1IdDSKTap8pJI1Qf2M.dzyHjE4wdV93Wa3QCa8hTgD9Hvt9Qe6,1,77016955520
142,Amelia,Campbell,EMPLOYEE,FEMALE,amelia_campbell@gmail.com,$2b$12$KCK1IdDSKTap8pJI1Qf2M.dzyHjE4wdV93Wa3QCa8hTgD9Hvt9Qe6,1,77001009784
143,Christopher,Mitchell,EMPLOYEE,MALE,christopher_mitchell@gmail.com,$2b$12$KCK1IdDSKTap8pJI1Qf2M.dzyHjE4wdV93Wa3QCa8hTgD9Hvt9Qe6,1,77756025477
144,Joshua,Roberts,EMPLOYEE,MALE,joshua_roberts@gmail.com,$2b$12$KCK1IdDSKTap8pJI1Qf2M.dzyHjE4wdV93Wa3QCa8hTgD9Hvt9Qe6,1,77754479312
145,Elizabeth,Carter,EMPLOYEE,FEMALE,elizabeth_carter@gmail.com,$2b$12$KCK1IdDSKTap8pJI1Qf2M.dzyHjE4wdV93Wa3QCa8hTgD9Hvt9Qe6,1,77011366332
146,Sofia,Phillips,EMPLOYEE,FEMALE,sofia_phillips@gmail.com,$2b$12$KCK1IdDSKTap8pJI1Qf2M.dzyHjE4wdV93Wa3QCa8hTgD9Hvt9Qe6,1,77757629252
147,Wyatt,Evans,EMPLOYEE,MALE,wyatt_evans@gmail.com,$2b$12$KCK1IdDSKTap8pJI1Qf2M.dzyHjE4wdV93Wa3QCa8hTgD9Hvt9Qe6,1,77085223282
148,Sebastian,Turner,EMPLOYEE,MALE,sebastian_turner@gmail.com,$2b$12$KCK1IdDSKTap8pJI1Qf2M.dzyHjE4wdV93Wa3QCa8hTgD9Hvt9Qe6,1,77007552062
149,Owen,Torres,EMPLOYEE,MALE,owen_torres@gmail.com,$2b$12$KCK1IdDSKTap8pJI1Qf2M.dzyHjE4wdV93Wa3QCa8hTgD9Hvt9Qe6,1,77019306401
150,Evelyn,Parker,EMPLOYEE,FEMALE,evelyn_parker@gmail.com,$2b$12$KCK1IdDSKTap8pJI1Qf2M.dzyHjE4wdV93Wa3QCa8hTgD9Hvt9Qe6,1,77001175496
151,Avery,Collins,EMPLOYEE,FEMALE,avery_collins@gmail.com,$2b$12$KCK1IdDSKTap8pJI1Qf2M.dzyHjE4wdV93Wa3QCa8hTgD9Hvt9Qe6,1,77009028466
152,Caleb,Edwards,EMPLOYEE,MALE,caleb_edwards@gmail.com,$2b$12$KCK1IdDSKTap8pJI1Qf2M.dzyHjE4wdV93Wa3QCa8hTgD9Hvt9Qe6,1,77016514557
153,Nathan,Stewart,EMPLOYEE,MALE,nathan_stewart@gmail.com,$2b$12$KCK1IdDSKTap8pJI1Qf2M.dzyHjE4wdV93Wa3QCa8hTgD9Hvt9Qe6,1,77755237905
154,Ryan,Flores,EMPLOYEE,MALE,ryan_flores@gmail.com,$2b$12$KCK1IdDSKTap8pJI1Qf2M.dzyHjE4wdV93Wa3QCa8hTgD9Hvt9Qe6,1,77755733925
155,Jack,Morris,EMPLOYEE,MALE,jack_morris@gmail.com,$2b$12$KCK1IdDSKTap8pJI1Qf2M.dzyHjE4wdV93Wa3QCa8hTgD9Hvt9Qe6,1,77752550971
156,Hunter,Nguyen,EMPLOYEE,MALE,hunter_nguyen@gmail.com,$2b$12$KCK1IdDSKTap8pJI1Qf2M.dzyHjE4wdV93Wa3QCa8hTgD9Hvt9Qe6,1,77018063585
157,Levi,Murphy,EMPLOYEE,MALE,levi_murphy@gmail.com,$2b$12$KCK1IdDSKTap8pJI1Qf2M.dzyHjE4wdV93Wa3QCa8hTgD9Hvt9Qe6,1,77757064352
158,Christian,Rivera,EMPLOYEE,MALE,christian_rivera@gmail.com,$2b$12$KCK1IdDSKTap8pJI1Qf2M.dzyHjE4wdV93Wa3QCa8hTgD9Hvt9Qe6,1,77082220437
159,Jaxon,Cook,EMPLOYEE,MALE,jaxon_cook@gmail.com,$2b$12$KCK1IdDSKTap8pJI1Qf2M.dzyHjE4wdV93Wa3QCa8hTgD9Hvt9Qe6,1,77754958275
160,Julian,Rogers,EMPLOYEE,MALE,julian_rogers@gmail.com,$2b$12$KCK1IdDSKTap8pJI1Qf2M.dzyHjE4wdV93Wa3QCa8hTgD9Hvt9Qe6,1,77753946792
161,Landon,Morgan,EMPLOYEE,MALE,landon_morgan@gmail.com,$2b$12$KCK1IdDSKTap8pJI1Qf2M.dzyHjE4wdV93Wa3QCa8hTgD9Hvt9Qe6,1,77006393187
162,Chloe,Peterson,EMPLOYEE,FEMALE,chloe_peterson@gmail.com,$2b$12$KCK1IdDSKTap8pJI1Qf2M.dzyHjE4wdV93Wa3QCa8hTgD9Hvt9Qe6,1,77751329442
163,Ella,Cooper,EMPLOYEE,FEMALE,ella_cooper@gmail.com,$2b$12$KCK1IdDSKTap8pJI1Qf2M.dzyHjE4wdV93Wa3QCa8hTgD9Hvt9Qe6,1,77018879869
164,Grayson,Reed,EMPLOYEE,MALE,grayson_reed@gmail.com,$2b$12$KCK1IdDSKTap8pJI1Qf2M.dzyHjE4wdV93Wa3QCa8hTgD9Hvt9Qe6,1,77759998750
165,Grace,Bailey,EMPLOYEE,FEMALE,grace_bailey@gmail.com,$2b$12$KCK1IdDSKTap8pJI1Qf2M.dzyHjE4wdV93Wa3QCa8hTgD9Hvt9Qe6,1,77759969099
166,Jonathan,Bell,EMPLOYEE,MALE,jonathan_bell@gmail.com,$2b$12$KCK1IdDSKTap8pJI1Qf2M.dzyHjE4wdV93Wa3QCa8hTgD9Hvt9Qe6,1,77007655351
167,Victoria,Gomez,EMPLOYEE,FEMALE,victoria_gomez@gmail.com,$2b$12$KCK1IdDSKTap8pJI1Qf2M.dzyHjE4wdV93Wa3QCa8hTgD9Hvt9Qe6,1,77081982068
168,Isaiah,Kelly,EMPLOYEE,MALE,isaiah_kelly@gmail.com,$2b$12$KCK1IdDSKTap8pJI1Qf2M.dzyHjE4wdV93Wa3QCa8hTgD9Hvt9Qe6,1,77012371492
169,Aubrey,Howard,EMPLOYEE,FEMALE,aubrey_howard@gmail.com,$2b$12$KCK1IdDSKTap8pJI1Qf2M.dzyHjE4wdV93Wa3QCa8hTgD9Hvt9Qe6,1,77088535244
170,Charles,Ward,EMPLOYEE,MALE,charles_ward@gmail.com,$2b$12$KCK1IdDSKTap8pJI1Qf2M.dzyHjE4wdV93Wa3QCa8hTgD9Hvt9Qe6,1,77013961529
171,Thomas,Cox,EMPLOYEE,MALE,thomas_cox@gmail.com,$2b$12$KCK1IdDSKTap8pJI1Qf2M.dzyHjE4wdV93Wa3QCa8hTgD9Hvt9Qe6,1,77089416887
172,Aaron,Diaz,EMPLOYEE,MALE,aaron_diaz@gmail.com,$2b$12$KCK1IdDSKTap8pJI1Qf2M.dzyHjE4wdV93Wa3QCa8hTgD9Hvt9Qe6,1,77751015745
173,Scarlett,Richardson,EMPLOYEE,FEMALE,scarlett_richardson@gmail.com,$2b$12$KCK1IdDSKTap8pJI1Qf2M.dzyHjE4wdV93Wa3QCa8hTgD9Hvt9Qe6,1,77758529637
174,Eli,Wood,EMPLOYEE,MALE,eli_wood@gmail.com,$2b$12$KCK1IdDSKTap8pJI1Qf2M.dzyHjE4wdV93Wa3QCa8hTgD9Hvt9Qe6,1,77003425392
175,Zoey,Watson,EMPLOYEE,FEMALE,zoey_watson@gmail.com,$2b$12$KCK1IdDSKTap8pJI1Qf2M.dzyHjE4wdV93Wa3QCa8hTgD9Hvt9Qe6,1,77018712552
176,Connor,Brooks,EMPLOYEE,MALE,connor_brooks@gmail.com,$2b$12$KCK1IdDSKTap8pJI1Qf2M.dzyHjE4wdV93Wa3QCa8hTgD9Hvt9Qe6,1,77016966464
177,Jeremiah,Bennett,EMPLOYEE,MALE,jeremiah_bennett@gmail.com,$2b$12$KCK1IdDSKTap8pJI1Qf2M.dzyHjE4wdV93Wa3QCa8hTgD9Hvt9Qe6,1,77755130891
178,Cameron,Gray,EMPLOYEE,MALE,cameron_gray@gmail.com,$2b$12$KCK1IdDSKTap8pJI1Qf2M.dzyHjE4wdV93Wa3QCa8hTgD9Hvt9Qe6,1,77754719153
179,Addison,James,EMPLOYEE,FEMALE,addison_james@gmail.com,$2b$12$KCK1IdDSKTap8pJI1Qf2M.dzyHjE4wdV93Wa3QCa8hTgD9Hvt9Qe6,1,77008462744
180,Lily,Reyes,EMPLOYEE,FEMALE,lily_reyes@gmail.com,$2b$12$KCK1IdDSKTap8pJI1Qf2M.dzyHjE4wdV93Wa3QCa8hTgD9Hvt9Qe6,1,77015708769
181,Josiah,Cruz,EMPLOYEE,MALE,josiah_cruz@gmail.com,$2b$12$KCK1IdDSKTap8pJI1Qf2M.dzyHjE4wdV93Wa3QCa8hTgD9Hvt9Qe6,1,77088224353
182,Lillian,Hughes,EMPLOYEE,FEMALE,lillian_hughes@gmail.com,$2b$12$KCK1IdDSKTap8pJI1Qf2M.dzyHjE4wdV93Wa3QCa8hTgD9Hvt9Qe6,1,77088383430
183,Adrian,Price,EMPLOYEE,MALE,adrian_price@gmail.com,$2b$12$KCK1IdDSKTap8pJI1Qf2M.dzyHjE4wdV93Wa3QCa8hTgD9Hvt9Qe6,1,77083696306
184,Natalie,Myers,EMPLOYEE,FEMALE,natalie_myers@gmail.com,$2b$12$KCK1IdDSKTap8pJI1Qf2M.dzyHjE4wdV93Wa3QCa8hTgD9Hvt9Qe6,1,77012889888
185,Hannah,Long,EMPLOYEE,FEMALE,hannah_long@gmail.com,$2b$12$KCK1IdDSKTap8pJI1Qf2M.dzyHjE4wdV93Wa3QCa8hTgD9Hvt9Qe6,1,77083404605
186,Aria,Foster,EMPLOYEE,FEMALE,aria_foster@gmail.com,$2b$12$KCK1IdDSKTap8pJI1Qf2M.dzyHjE4wdV93Wa3QCa8hTgD9Hvt9Qe6,1,77015823122
187,Layla,Sanders,EMPLOYEE,FEMALE,layla_sanders@gmail.com,$2b$12$KCK1IdDSKTap8pJI1Qf2M.dzyHjE4wdV93Wa3QCa8hTgD9Hvt9Qe6,1,77752047976
188,Colton,Ross,EMPLOYEE,MALE,colton_ross@gmail.com,$2b$12$KCK1IdDSKTap8pJI1Qf2M.dzyHjE4wdV93Wa3QCa8hTgD9Hvt9Qe6,1,77757355373
189,Brooklyn,Morales,EMPLOYEE,FEMALE,brooklyn_morales@gmail.com,$2b$12$KCK1IdDSKTap8pJI1Qf2M.dzyHjE4wdV93Wa3QCa8hTgD9Hvt9Qe6,1,77089268236
190,Jordan,Powell,EMPLOYEE,MALE,jordan_powell@gmail.com,$2b$12$KCK1IdDSKTap8pJI1Qf2M.dzyHjE4wdV93Wa3QCa8hTgD9Hvt9Qe6,1,77751680331
191,Brayden,Sullivan,EMPLOYEE,MALE,brayden_sullivan@gmail.com,$2b$12$KCK1IdDSKTap8pJI1Qf2M.dzyHjE4wdV93Wa3QCa8hTgD9Hvt9Qe6,1,77008926684
192,Nicholas,Russell,EMPLOYEE,MALE,nicholas_russell@gmail.com,$2b$12$KCK1IdDSKTap8pJI1Qf2M.dzyHjE4wdV93Wa3QCa8hTgD9Hvt9Qe6,1,77011195665
193,Robert,Ortiz,EMPLOYEE,MALE,robert_ortiz@gmail.com,$2b$12$KCK1IdDSKTap8pJI1Qf2M.dzyHjE4wdV93Wa3QCa8hTgD9Hvt9Qe6,1,77013290092
194,Angel,Jenkins,EMPLOYEE,MALE,angel_jenkins@gmail.com,$2b$12$KCK1IdDSKTap8pJI1Qf2M.dzyHjE4wdV93Wa3QCa8hTgD9Hvt9Qe6,1,77005153284
195,Alexa,Gutierrez,MANAGER,FEMALE,alexa_gutierrez@gmail.com,$2b$12$KCK1IdDSKTap8pJI1Qf2M.dzyHjE4wdV93Wa3QCa8hTgD9Hvt9Qe6,1,77081109111
196,Hudson,Perry,MANAGER,MALE,hudson_perry@gmail.com,$2b$12$KCK1IdDSKTap8pJI1Qf2M.dzyHjE4wdV93Wa3QCa8hTgD9Hvt9Qe6,1,77006782468
197,Zoe,Butler,MANAGER,FEMALE,zoe_butler@gmail.com,$2b$12$KCK1IdDSKTap8pJI1Qf2M.dzyHjE4wdV93Wa3QCa8hTgD9Hvt9Qe6,1,77757777393
198,Lincoln,Barnes,MANAGER,MALE,lincoln_barnes@gmail.com,$2b$12$KCK1IdDSKTap8pJI1Qf2M.dzyHjE4wdV93Wa3QCa8hTgD9Hvt9Qe6,1,77755231495
199,Penelope,Fisher,MANAGER,FEMALE,penelope_fisher@gmail.com,$2b$12$KCK1IdDSKTap8pJI1Qf2M.dzyHjE4wdV93Wa3QCa8hTgD9Hvt9Qe6,1,77084780278
